Model,Mean,Median,Mode,Std Dev,% Scores ≥ 4
DeepExplan+GPT,4.756140350877193,5.0,5,0.6643091853945123,94.38596491228071
DeepExplan+Deep,4.910526315789474,5.0,5,0.29772671828208686,99.64912280701755
GptExplan+Deep,4.840350877192982,5.0,5,0.37136505383060936,99.82456140350877
RAGGptExplan+Deep,4.814035087719298,5.0,5,0.4070721886603748,99.29824561403508
GptExplan+GPT,4.82280701754386,5.0,5,0.5483695416928895,96.49122807017544
RAGGptExplan+GPT,4.7894736842105265,5.0,5,0.6256621688818058,94.56140350877193
RAGDeepExplan+Deep,4.9035087719298245,5.0,5,0.3071868573047554,99.64912280701755
RAGDeepExplan+GPT,4.792982456140351,5.0,5,0.6097795992171091,95.43859649122807
